epitope,category_main,category_sub,nr_target_sequences,accuracy,accuracy_std,average_precision,average_precision_std,roc_auc,roc_auc_std,is_active
IVTDFSVIK,Viral,EBV,46,0.6000000238418579,0.0544331073760986,0.5270587801933289,0.0483874417841434,0.8286738395690918,0.0397535525262355,t
RPRGEVRFL,Viral,HSV2,63,0.7692307829856873,0.0421325117349624,0.835172176361084,0.0804207772016525,0.9171550869941713,0.0487191714346408,t
KAFSPEVIPMF,Viral,HIV,210,0.7302380800247192,0.0199432354420423,0.7114458084106445,0.0309805702418088,0.895606517791748,0.0137922065332531,t
RAKFKQLL,Viral,EBV,262,0.6534651517868042,0.022180525586009,0.6872453689575195,0.0390484221279621,0.8914982080459595,0.0112096602097153,t
EAAGIGILTV,Cancer,Melanoma,266,0.6939643621444702,0.0337201245129108,0.7382125854492188,0.0132301095873117,0.896852970123291,0.0099440133199095,t
FLNRFTTTL,Viral,SARS-CoV-2,104,0.5380952954292297,0.0322968028485775,0.3781935572624206,0.1239726841449737,0.7236034274101257,0.0735431686043739,t
GTHWFVTQR,Viral,SARS-CoV-2,98,0.4994897842407226,0.0010204076534137,0.1948992162942886,0.0375576727092266,0.6573724746704102,0.0382548905909061,f
TTLPVNVAF,Viral,SARS-CoV-2,31,0.5150793790817261,0.0342651233077049,0.2641284167766571,0.0658326223492622,0.652645468711853,0.0604229643940925,f
NYSGVVTTVMF,Viral,SARS-CoV-2,33,0.5127705335617065,0.0294754114001989,0.2946670651435852,0.047655027359724,0.678787887096405,0.1206686124205589,f
HTDFSSEIIGY,Viral,SARS-CoV-2,35,0.5999999642372131,0.0571428500115871,0.5428948402404785,0.1021076589822769,0.6728571057319641,0.0880975797772407,f
WICLLQFAY,Viral,SARS-CoV-2,515,0.6350485682487488,0.016133451834321,0.5582194328308105,0.0614875853061676,0.8108803629875183,0.0224848538637161,t
HLVDFQVTI,Viral,SARS-CoV-2,69,0.6135610342025757,0.0405416451394557,0.435408741235733,0.0876658260822296,0.7533127069473267,0.0610398352146148,t
KLNVGDYFV,Viral,SARS-CoV-2,143,0.5234386324882507,0.0171878132969141,0.314679354429245,0.0691701248288154,0.7206052541732788,0.0430579707026481,f
TFYLTNDVSFL,Viral,SARS-CoV-2,33,0.5683982968330383,0.0755203515291214,0.4265912175178528,0.0982285887002945,0.6597402691841125,0.0392819829285144,f
HSKKKCDEL,Viral,HCV,45,0.76666659116745,0.0888888984918594,0.9307559132575988,0.027895487844944,0.9888889193534852,0.0066826362162828,t
ATDALMTGY,Viral,HCV,177,0.7514285445213318,0.0320713445544242,0.7653464078903198,0.0646731406450271,0.90569007396698,0.0352027229964733,t
EIYKRWII,Viral,HIV,185,0.6537837982177734,0.0223590582609176,0.5207456350326538,0.0430810451507568,0.7511102557182312,0.0568247139453887,t
TPRVTGGGAM,Viral,CMV,258,0.6996123194694519,0.0152215072885155,0.7539610862731934,0.0353454537689685,0.882159411907196,0.0296291448175907,t
FLKEKGGL,Viral,HIV,156,0.6000000238418579,0.0277494341135025,0.4818740785121918,0.1035629510879516,0.7600536346435547,0.0587601326406002,t
KRWIIMGLNK,Viral,HIV,75,0.6933333277702332,0.0533333346247673,0.7253952622413635,0.1168794333934784,0.8530222177505493,0.0883277431130409,t
ISPRTLNAW,Viral,HIV,58,0.6083333492279053,0.0623609460890293,0.6037256121635437,0.1219094172120094,0.842025876045227,0.0324490219354629,t
QASQEVKNW,Viral,HIV,31,0.5833333134651184,0.052704632282257,0.3088618218898773,0.1225935295224189,0.6034391522407532,0.1052145287394523,f
LPAADLDDF,Viral,SARS-CoV-2,131,0.529628574848175,0.0188349466770887,0.3193707466125488,0.0351518727838993,0.7300525903701782,0.0190528444945812,f
EILDITPCSF,Viral,SARS-CoV-2,68,0.6271008253097534,0.0297084990888834,0.455797016620636,0.0931036323308944,0.7344537973403931,0.0633933991193771,t
YFPLQSYGF,Viral,SARS-CoV-2,357,0.5322545766830444,0.0071321311406791,0.3979367911815643,0.0420508943498134,0.7887402772903442,0.0281561184674501,t
AYILFTRFFYV,Viral,SARS-CoV-2,119,0.5208333134651184,0.0131761627271771,0.2848121225833893,0.0714157596230506,0.7047093510627747,0.0492672994732856,f
LVLSVNPYV,Viral,SARS-CoV-2,50,0.4989999830722809,0.0019999979995191,0.3377074599266052,0.0857007801532745,0.659500002861023,0.105947159230709,f
FTISVTTEIL,Viral,SARS-CoV-2,159,0.552810549736023,0.0271419771015644,0.3651961386203766,0.0394753292202949,0.7340998649597168,0.0266358479857444,t
NLVPMVATV,Viral,CMV,4812,0.5597817301750183,0.0043646972626447,0.3937360644340515,0.0142066003754735,0.7246586084365845,0.0111794155091047,t
LPPAYTNSF,Viral,SARS-CoV-2,127,0.531999945640564,0.0240000002086162,0.4499070644378662,0.0601601116359233,0.8223686218261719,0.0302082505077123,t
QECVRGTTVL,Viral,SARS-CoV-2,147,0.7058795690536499,0.0195431541651487,0.6645621061325073,0.0373103246092796,0.8549853563308716,0.0234251394867897,t
TPQDLNTML,Viral,HIV,159,0.8125,0.017116330564022,0.8678802251815796,0.0606858767569065,0.9390525817871094,0.041293442249298,t
QYDPVAALF,Viral,CMV,41,0.699999988079071,0.0612372457981109,0.5980203151702881,0.0601382255554199,0.8209336996078491,0.0581711418926715,t
GLCTLVAML,Viral,EBV,1208,0.6560328006744385,0.0083000687882304,0.5884492993354797,0.0044731753878295,0.8156363368034363,0.0181469786912202,t
YVLDHLIVV,Viral,EBV,103,0.523809552192688,0.0212958846241235,0.4379394054412842,0.0862440541386604,0.7585760354995728,0.0652106553316116,t
KRWIILGLNK,Viral,HIV,396,0.6512682437896729,0.0246191155165433,0.6447264552116394,0.0795831382274627,0.8470398187637329,0.0394926704466342,t
RYPLTFGWCF,Viral,HIV,30,0.5166666507720947,0.0333333276212215,0.4236718118190765,0.1246073320508003,0.7194443941116333,0.1306559890508651,t
ELAGIGILTV,Cancer,Melanoma,1035,0.5389854907989502,0.003538793651387,0.3722807765007019,0.0259578488767147,0.7223839163780212,0.0076225157827138,t
YSEHPTFTSQY,Viral,CMV,74,0.5926576852798462,0.0635252445936203,0.7090490460395813,0.0559288822114467,0.9286035299301147,0.0446191579103469,t
QIKVRVKMV,Viral,CMV,36,0.5,0.0,0.4003332257270813,0.0913188830018043,0.7886497378349304,0.0466106943786144,t
EPLPQGQLTAY,Viral,EBV,36,0.6428571939468384,0.0782460868358612,0.6775095462799072,0.1779593527317047,0.9101760983467102,0.0565601773560047,t
MPASWVMRI,Viral,SARS-CoV-2,477,0.6242159605026245,0.0165611859411001,0.529006838798523,0.0137569122016429,0.8222154378890991,0.0129362978041172,t
VLWAHGFEL,Viral,SARS-CoV-2,695,0.64589923620224,0.0174771230667829,0.6012353897094727,0.0426248386502265,0.8508586883544922,0.0157297849655151,t
KEIDRLNEV,Viral,SARS-CoV-2,57,0.581818163394928,0.0181818027049303,0.4258485436439514,0.1007210165262222,0.7020553350448608,0.0769326463341713,t
TPINLVRDL,Viral,SARS-CoV-2,249,0.6381927728652954,0.0188995841890573,0.529935896396637,0.0415868759155273,0.8128153085708618,0.0256018955260515,t
KPLEFGATSAAL,Viral,SARS-CoV-2,344,0.5934761762619019,0.0223722327500581,0.4942860007286072,0.0689858272671699,0.8018579483032227,0.0413258671760559,t
VLAWLYAAV,Viral,SARS-CoV-2,112,0.5041009783744812,0.0082020284608006,0.1810403764247894,0.0497221313416957,0.6030908823013306,0.042674895375967,f
FIAGLIAIV,Viral,SARS-CoV-2,184,0.5205346345901489,0.0184386428445577,0.2862617075443268,0.0756610706448555,0.7069036364555359,0.0392760634422302,f
YIFFASFYY,Viral,SARS-CoV-2,272,0.5048215985298157,0.004436460789293,0.3075947165489197,0.0339996591210365,0.7679544687271118,0.0196371581405401,f
HPVGEADYFEY,Viral,EBV,32,0.7151281833648682,0.0829018428921699,0.6800111532211304,0.1263946741819381,0.8594871759414673,0.0796383991837501,t
FPRPWLHGL,Viral,HIV,120,0.8083332777023315,0.0242956262081861,0.8325473070144653,0.0337406024336814,0.9341493844985962,0.018369561061263,t
IIKDYGKQM,Viral,HIV,54,0.8090909123420715,0.0668042749166488,0.837080180644989,0.0661050155758857,0.9463804960250854,0.0355101190507411,t
RQLLFVVEV,Viral,SARS-CoV-2,841,0.5664300918579102,0.007452096324414,0.464012861251831,0.0223500132560729,0.8302959203720093,0.0101276347413659,t
ALSKGVHFV,Viral,SARS-CoV-2,129,0.5338402390480042,0.0147290956228971,0.3996361196041107,0.0868202373385429,0.7890876531600952,0.0298275332897901,t
FLPRVFSAV,Viral,SARS-CoV-2,773,0.5935450196266174,0.0173031967133283,0.5138372778892517,0.0251590851694345,0.839070200920105,0.0133280493319034,t
SLVKPSFYV,Viral,SARS-CoV-2,50,0.5199999809265137,0.0244949031621217,0.3806539177894592,0.0778611525893211,0.6906000375747681,0.0277351886034011,f
IPRRNVATL,Viral,SARS-CoV-2,48,0.5699999928474426,0.0244949031621217,0.3249014914035797,0.084313228726387,0.5834375023841858,0.0866309776902198,f
IQYIDIGNY,Viral,SARS-CoV-2,149,0.5619910955429077,0.0273995250463485,0.4684347212314605,0.0622823573648929,0.8237248659133911,0.03853215649724,t
KLSYGIATV,Viral,SARS-CoV-2,2149,0.5825345516204834,0.0038216253742575,0.5146846771240234,0.0117319030687212,0.8377889394760132,0.0051129907369613,t
LPPIVAKEI,Viral,HIV,62,0.7916666269302368,0.0372677892446517,0.7801322937011719,0.0600545816123485,0.8950667381286621,0.0458303242921829,t
HPKVSSEVHI,Viral,HIV,75,0.68666672706604,0.0718021914362907,0.6987686157226562,0.1562564074993133,0.8691555261611938,0.0792679339647293,t
TPGPGVRYPL,Viral,HIV,86,0.6758925318717957,0.0376751981675624,0.7388310432434082,0.0679939538240432,0.8782047033309937,0.0307660344988107,t
RFYKTLRAEQASQ,Viral,HIV,210,0.9016666412353516,0.0344588905572891,0.9580721855163574,0.0116242598742246,0.9940022230148317,0.002571141347289,t
VTEHDTLLY,Viral,CMV,277,0.5414577722549438,0.004172361921519,0.3883722424507141,0.0422317385673522,0.780032753944397,0.0217015258967876,t
SLYNTVATL,Viral,HIV,58,0.6316092014312744,0.029355389997363,0.3959961831569671,0.0513734482228755,0.5915229916572571,0.0646038278937339,f
LLWNGPMAV,Viral,YellowFeverVirus,474,0.6576815843582153,0.0080558937042951,0.5317498445510864,0.0286345016211271,0.7900388836860657,0.0113829700276255,t
KLVALGINAV,Viral,HCV,65,0.6200000047683716,0.0468157678842544,0.5078728199005127,0.1401211023330688,0.7277514934539795,0.0838138908147811,t
CINGVCWTV,Viral,HCV,131,0.5261626839637756,0.0292505268007516,0.3739630281925201,0.1139320731163024,0.7506142258644104,0.0619068220257759,t
GPGHKARVL,Viral,HIV,66,0.5076923370361328,0.0153846265748143,0.307077944278717,0.1057013720273971,0.6678427457809448,0.0632600784301757,f
PKYVKQNTLKLAT,Viral,Influenza,292,0.5222428441047668,0.0065994909964501,0.3611122369766235,0.048454999923706,0.7217653393745422,0.0203104708343744,t
IPSINVHHY,Viral,CMV,85,0.7047058939933777,0.0186573546379804,0.6608940362930298,0.0571139901876449,0.8367819786071777,0.0385642424225807,t
MLNIPSINV,Viral,CMV,73,0.5066666603088379,0.0133333439007401,0.2500295042991638,0.0352071709930896,0.6116437911987305,0.0443938001990318,f
SFHSLHLLF,Viral,HTLV1,131,0.6807692050933838,0.0287819802761077,0.6251317858695984,0.0837555080652237,0.8084675073623657,0.0766573175787925,t
AMFWSVPTV,Cancer,Melanoma,82,0.5931439399719238,0.0390652082860469,0.4763543605804443,0.1166601181030273,0.7834469676017761,0.041403017938137,t
FLYNLLTRV,Cancer,Melanoma,61,0.632520318031311,0.0813125148415565,0.5937339067459106,0.1027298867702484,0.867479681968689,0.0306352991610765,t
GILGFVFTL,Viral,Influenza,3107,0.6778430342674255,0.0109595041722059,0.5912061929702759,0.0240340996533632,0.8108819127082825,0.0154560888186097,t
ILHCANFNV,Viral,SARS-CoV-2,185,0.6054053902626038,0.0235926080495119,0.5188488960266113,0.0531279817223548,0.8402921557426453,0.0273161698132753,t
KLWAQCVQL,Viral,SARS-CoV-2,266,0.5545293688774109,0.0109759895130991,0.4617012441158294,0.0491552874445915,0.7993663549423218,0.0220165196806192,t
SEISMDNSPNL,Viral,SARS-CoV-2,95,0.5157895088195801,0.0128920609131455,0.4541759490966797,0.1254568397998809,0.7864819765090942,0.0524851940572261,t
KTSVDCTMYI,Viral,SARS-CoV-2,70,0.6971428990364075,0.04971344769001,0.7201343774795532,0.0827467665076255,0.8915306329727173,0.0547497794032096,t
IVDTVSALV,Viral,SARS-CoV-2,36,0.514285683631897,0.0285714399069547,0.3585596978664398,0.1837811768054962,0.7643836140632629,0.1159124076366424,t
LLFNKVTLA,Viral,SARS-CoV-2,39,0.5112179517745972,0.0257609393447637,0.3706523776054382,0.0991830006241798,0.7600961923599243,0.0404233820736408,t
RLRPGGKKK,Viral,HIV,31,0.7333333492279053,0.0623609460890293,0.7293405532836914,0.1980593502521515,0.888624370098114,0.0899058356881141,t
QVPLRPMTYK,Viral,HIV,48,0.6399999856948853,0.0374165587127208,0.5125905275344849,0.1558384299278259,0.7651041746139526,0.1084039211273193,t
NLSALGIFST,HomoSapiens,HomoSapiens,111,0.5064002871513367,0.0125430943444371,0.1929627209901809,0.0302710141986608,0.6589482426643372,0.0365105755627155,f
ARMILMTHF,Viral,HCV,66,0.7384616136550903,0.0745796859264373,0.6912029981613159,0.1165654510259628,0.8587043881416321,0.0787964090704917,t
SEETGTLIV,Viral,SARS-CoV-2,38,0.5986841917037964,0.0296417940407991,0.3906787931919098,0.0776605829596519,0.6756578683853149,0.0896895974874496,f
TLDSKTQSL,Viral,SARS-CoV-2,107,0.8253156542778015,0.0558725744485855,0.8830922245979309,0.0645197853446006,0.967176079750061,0.0160193759948015,t
TVYDPLQPELDSFK,Viral,SARS-CoV-2,36,0.514285683631897,0.0285714399069547,0.2326226979494094,0.0784222558140754,0.5311154127120972,0.0698835700750351,f
FPPTSFGPL,Viral,SARS-CoV-2,621,0.6888783574104309,0.0068614371120929,0.6147348284721375,0.0144756399095058,0.8539355993270874,0.0144717162474989,t
SSNVANYQK,Viral,SARS-CoV-2,74,0.6053153276443481,0.0368273444473743,0.4457428455352783,0.0763789638876915,0.773783802986145,0.044828001409769,t
YLNTLTLAV,Viral,SARS-CoV-2,390,0.5762820243835449,0.0249358247965574,0.4609429836273193,0.037981279194355,0.7985897660255432,0.0129552148282527,t
LLMPILTLT,Viral,SARS-CoV-2,46,0.4989247322082519,0.002150535583496,0.2491461485624313,0.057925634086132,0.6925925612449646,0.0638306140899658,f
NQKLIANQF,Viral,SARS-CoV-2,51,0.7599999904632568,0.0200000051409006,0.7778009176254272,0.0670464187860488,0.9485437273979188,0.0230058040469884,t
FRDYVDRFYKTLRAEQASQE,Viral,HIV,367,0.8743900060653687,0.0177501793950796,0.9597543478012084,0.0094874836504459,0.9953611493110656,0.001317168935202,t
GTSGSPIVNR,Viral,DENV1,165,0.7509090900421143,0.0481293760240078,0.7641757726669312,0.0600262433290481,0.8773736953735352,0.0420720018446445,t
LLLGIGILV,Cancer,Multiple Myeloma,233,0.5806365013122559,0.0107730310410261,0.4404178559780121,0.0553944446146488,0.7675280570983887,0.0411844663321971,t
GTSGSPIIDK,Viral,DENV2,60,0.6074999570846558,0.0550504773855209,0.48919278383255,0.0416251197457313,0.738402783870697,0.0763215124607086,t
GTSGSPIINR,Viral,DENV3/4,158,0.730617105960846,0.0241472572088241,0.7532442212104797,0.0339159071445465,0.8613231778144836,0.0266061034053564,t
ILGLPTQTV,Viral,SARS-CoV-2,198,0.6812373399734497,0.0245079174637794,0.6030556559562683,0.0836724266409874,0.8271464109420776,0.054184965789318,t
YLQPRTFLL,Viral,SARS-CoV-2,315,0.9142857789993286,0.0078084855340421,0.922021985054016,0.0077702263370156,0.9685714840888976,0.0107043171301484,t
YLDAYNMMI,Viral,SARS-CoV-2,197,0.6195001006126404,0.0252054519951343,0.4189795553684234,0.0460301041603088,0.7432781457901001,0.0267210528254508,t
SEPVLKGVKL,Viral,SARS-CoV-2,80,0.5681250095367432,0.0227417554706335,0.3845158219337463,0.0968140065670013,0.7935937643051147,0.046551838517189,t
TLIGDCATV,Viral,SARS-CoV-2,467,0.5483871102333069,0.0152065828442573,0.3595412373542785,0.0410806275904178,0.7314633727073669,0.0291384998708963,t
ITEEVGHTDLMAAY,Viral,SARS-CoV-2,156,0.5671029686927795,0.017841774970293,0.4942824244499206,0.0444551929831504,0.7848294377326965,0.0247736293822526,t
ISDYDYYRY,Viral,SARS-CoV-2,39,0.5,0.0,0.245741456747055,0.0916818156838417,0.6658653616905212,0.0572723485529422,f
EEHVQIHTI,Viral,SARS-CoV-2,104,0.5047618746757507,0.0095238210633397,0.2043178379535675,0.0864986404776573,0.5879808068275452,0.0693945884704589,f
IPIQASLPF,Viral,SARS-CoV-2,104,0.514285683631897,0.0190476197749376,0.3516174256801605,0.1114160344004631,0.737568736076355,0.090091124176979,t
LPRRSGAAGA,Viral,Influenza,2137,0.5381988883018494,0.0059103062376379,0.3974485397338867,0.0178044065833091,0.8429986238479614,0.0130690028890967,t
TLVPQEHYV,Viral,SARS-CoV-2,154,0.5322580337524414,0.0269890297204256,0.4238400459289551,0.0722754746675491,0.7208524942398071,0.0170051530003547,t
FADDLNQLTGY,Viral,SARS-CoV-2,70,0.6142856478691101,0.0416496582329273,0.4358342289924621,0.1050480157136917,0.7026530504226685,0.0471005886793136,t
RIFTIGTVTLK,Viral,SARS-CoV-2,81,0.512499988079071,0.0249999985098838,0.3180664181709289,0.1534478217363357,0.6744248867034912,0.0970750600099563,f
YEGNSPFHPL,Viral,SARS-CoV-2,60,0.5316666960716248,0.029650742188096,0.3093825280666351,0.064419500529766,0.663819432258606,0.0898972824215889,f
NLNESLIDL,Viral,SARS-CoV-2,132,0.5880841612815857,0.0316247232258319,0.4242051541805267,0.0511118583381176,0.7420464754104614,0.0242592953145504,t
SEVGPEHSLAEY,Viral,SARS-CoV-2,250,0.5419999957084656,0.0074833268299698,0.4217510819435119,0.0524475909769535,0.7916000485420227,0.0149037688970565,t
NLDSKVGGNY,Viral,SARS-CoV-2,45,0.7333332896232605,0.0647883415222168,0.851547122001648,0.0521085411310195,0.9601234197616576,0.0265234019607305,t
TSNQVAVLY,Viral,SARS-CoV-2,62,0.5158666968345642,0.0211161989718675,0.2511236667633056,0.0659346282482147,0.6905332803726196,0.0930267721414566,f
KAYNVTQAF,Viral,SARS-CoV-2,708,0.6110557317733765,0.0184838976711034,0.5726813077926636,0.0348327085375785,0.8313902616500854,0.0100304149091243,t
GVAMPNLYK,Viral,SARS-CoV-2,35,0.5,0.0,0.1153888925909996,0.0248468909412622,0.5404081344604492,0.1042287796735763,f
ILIEGIFFV,Viral,VZV,111,0.6313697695732117,0.0339587591588497,0.5535362958908081,0.0911735221743583,0.8157358169555664,0.043975468724966,t
LEPLVDLPI,Viral,SARS-CoV-2,367,0.5385015606880188,0.0134025979787111,0.3526601791381836,0.0472583174705505,0.7568408846855164,0.0200682785362005,t
ALSQYHVYV,Viral,VZV,69,0.6214286088943481,0.0285714138299226,0.514428973197937,0.0563865415751934,0.7406314611434937,0.0406311005353927,t
KLPDDFTGCV,Viral,SARS-CoV-2,1160,0.5918103456497192,0.0086239231750369,0.544837474822998,0.0213536228984594,0.8441818356513977,0.0143591174855828,t
FLNGSCGSV,Viral,SARS-CoV-2,2332,0.6146793365478516,0.0032126505393534,0.5628421902656555,0.0169859752058982,0.8566374778747559,0.0086955344304442,t
FVDGVPFVV,Viral,SARS-CoV-2,2420,0.5369008183479309,0.0047616651281714,0.3749982714653015,0.0145267797634005,0.772612988948822,0.0103586381301283,t
HTTDPSFLGRY,Viral,SARS-CoV-2,5000,0.6992599368095398,0.0101382751017808,0.7006723284721375,0.0191134829074144,0.8978152275085449,0.007512922398746,t
